query	1	obama family tree
query	10	cheap internet
query	100	rincon puerto rico
query	101	ritz carlton lake las vegas
query	102	fickle creek farm
query	103	madam cj walker
query	104	indiana child support
query	105	sonoma county medical services
query	106	universal animal cuts reviews
query	107	cass county missouri
query	108	ralph owen brewster
query	109	mayo clinic jacksonville fl
query	11	gmat prep classes
query	110	map of brazil
query	111	lymphoma in dogs
query	112	kenmore gas water heater
query	113	hp mini 2140
query	114	adobe indian houses
query	115	pacific northwest laboratory
query	116	california franchise tax board
query	117	dangers of asbestos
query	118	poem in your pocket day
query	119	interview thank you
query	12	djs
query	120	tv on computer
query	121	sit and reach test
query	122	culpeper national cemetery
query	123	von willebrand disease
query	124	bowflex power pro
query	125	butter and margarine
query	126	us capitol map
query	127	dutchess county tourism
query	128	atypical squamous cells
query	129	iowa food stamp program
query	13	map
query	130	fact on uranus
query	131	equal opportunity employer
query	132	mothers day songs
query	133	all men are created equal
query	134	electronic skeet shoot
query	135	source of the nile
query	136	american military university
query	137	rock and gem shows
query	138	jax chemical company
query	139	rocky mountain news
query	14	dinosaurs
query	140	east ridge high school
query	141	va dmv registration
query	142	illinois state tax
query	143	arkadelphia health club
query	144	trombone for sale
query	145	vines for shade
query	146	sherwood regional library
query	147	tangible personal property tax
query	148	martha stewart and imclone
query	149	uplift at yellowstone national park
query	15	espn sports
query	150	tn highway patrol
query	151	403b
query	152	angular cheilitis
query	153	pocono
query	154	figs
query	155	last supper painting
query	156	university of phoenix
query	157	the beatles rock band
query	158	septic system design
query	159	porterville
query	16	arizona game and fish
query	160	grilling
query	161	furniture for small spaces
query	162	dnr
query	163	arkansas
query	164	hobby stores
query	165	blue throated hummingbird
query	166	computer programming
query	167	barbados
query	168	lipoma
query	169	battles in the civil war
query	17	poker tournaments
query	170	scooters
query	171	ron howard
query	172	becoming a paralegal
query	173	hip fractures
query	174	rock art
query	175	signs of a heartattack
query	176	weather strip
query	177	best long term care insurance
query	178	pork tenderloin
query	179	black history
query	18	wedding budget calculator
query	180	newyork hotels
query	181	old coins
query	182	quit smoking
query	183	kansas city mo
query	184	civil right movement
query	185	credit report
query	186	unc
query	187	vanuatu
query	188	internet phone service
query	189	gs pay rate
query	19	the current
query	190	brooks brothers clearance
query	191	churchill downs
query	192	condos in florida
query	193	dog clean up bags
query	194	designer dog breeds
query	195	pressure washers
query	196	sore throat
query	197	idaho state flower
query	198	indiana state fairgrounds
query	199	fybromyalgia
query	2	french lick resort and casino
query	20	defender
query	200	ontario california airport
query	21	volvo
query	22	rick warren
query	23	yahoo
query	24	diversity
query	25	euclid
query	26	lower heart rate
query	27	starbucks
query	28	inuyasha
query	29	ps 2 games
query	3	getting organized
query	30	diabetes education
query	31	atari
query	32	website design hosting
query	33	elliptical trainer
query	34	cell phones
query	35	hoboken
query	36	gps
query	37	pampered chef
query	38	dogs for adoption
query	39	disneyland hotel
query	4	toilet
query	40	michworks
query	41	orange county convention center
query	42	the music man
query	43	the secret garden
query	44	map of the united states
query	45	solar panels
query	46	alexian brothers hospital
query	47	indexed annuity
query	48	wilson antenna
query	49	flame designs
query	5	mitchell college
query	50	dog heat
query	51	horse hooves
query	52	avp
query	53	discovery channel store
query	54	president of the united states
query	55	iron
query	56	uss yorktown charleston sc
query	57	ct jobs
query	58	penguins
query	59	how to build a fence
query	6	kcs
query	60	bellevue
query	61	worm
query	62	texas border patrol
query	63	flushing
query	64	moths
query	65	korean language
query	66	income tax return online
query	67	vldl levels
query	68	pvc
query	69	sewing instructions
query	7	air travel information
query	70	to be or not to be that is the question
query	71	living in india
query	72	the sun
query	73	neil young
query	74	kiwi
query	75	tornadoes
query	76	raised gardens
query	77	bobcat
query	78	dieting
query	79	voyager
query	8	appraisals
query	80	keyboard reviews
query	81	afghanistan
query	82	joints
query	83	memory
query	84	continental plates
query	85	milwaukee journal sentinel
query	86	bart sf
query	87	who invented music
query	88	forearm pain
query	89	ocd
query	9	used car parts
query	90	mgb
query	91	er tv show
query	92	the wall
query	93	raffles
query	94	titan
query	95	earn money at home
query	96	rice
query	97	south africa
query	98	sat
query	99	satellite
